ID,Predicted
0,4.5
1,3.5
2,3.5
3,4
4,3.5
5,2
6,4
7,3.5
8,3
9,3
10,3.5
11,3.5
12,3.5
13,3
14,2
15,4.5
16,3.5
17,4
18,2.5
19,1.5
20,3.5
21,4
22,3
23,4.5
24,4
25,3.5
26,4
27,3
28,4
29,3.5
30,3.5
31,4
32,2.5
33,3
34,5
35,3.5
36,3.5
37,3
38,3.5
39,3.5
40,2.5
41,4
42,3
43,4.5
44,2
45,4
46,3.5
47,4
48,4.5
49,4
50,3.5
51,3
52,3
53,3
54,3.5
55,4
56,3
57,4
58,3
59,4
60,4
61,4
62,4
63,3.5
64,3
65,3.5
66,4.5
67,4
68,3.5
69,4
70,4
71,3.5
72,4
73,3.5
74,4.5
75,3.5
76,2.5
77,4
78,3
79,3
80,3.5
81,4
82,4.5
83,3
84,4.5
85,3
86,3
87,3
88,3
89,3.5
90,2.5
91,4
92,4
93,4
94,4
95,2.5
96,2
97,3.5
98,3.5
99,3.5
100,3.5
101,4.5
102,4
103,3.5
104,4
105,3
106,3.5
107,4
108,3.5
109,3
110,2.5
111,3
112,2.5
113,3.5
114,4
115,2.5
116,4
117,3
118,3
119,3.5
120,3
121,4
122,3.5
123,4
124,3.5
125,3
126,2
127,4.5
128,3.5
129,3.5
130,3.5
131,3.5
132,4
133,4
134,3.5
135,3
136,4
137,2.5
138,4
139,4
140,3
141,4
142,2.5
143,3.5
144,3.5
145,2.5
146,3
147,4.5
148,4
149,3.5
150,3.5
151,3
152,1.5
153,2.5
154,1.5
155,4
156,4
157,1.5
158,4
159,4
160,4
161,2.5
162,4
163,4
164,3.5
165,3.5
166,3
167,4.5
168,3.5
169,3.5
170,4
171,4
172,3.5
173,4
174,3
175,4
176,4.5
177,4
178,3.5
179,3.5
180,2.5
181,3.5
182,3.5
183,4.5
184,3
185,2
186,4
187,4
188,4
189,3.5
190,4
191,3.5
192,4
193,3.5
194,4
195,2.5
196,3.5
197,4
198,3.5
199,3.5
200,3.5
201,4.5
202,3
203,3
204,3.5
205,3.5
206,2.5
207,4
208,3.5
209,4
210,2
211,3.5
212,3
213,3
214,2.5
215,3.5
216,3.5
217,3
218,2
219,3.5
220,2.5
221,2.5
222,3
223,4
224,3.5
225,3.5
226,3.5
227,3.5
228,4
229,2
230,3.5
231,2.5
232,2
233,4
234,4
235,3.5
236,4
237,3.5
238,3
239,2.5
240,4
241,3.5
242,3
243,3
244,3
245,3
246,3.5
247,2.5
248,3.5
249,3
250,3
251,2.5
252,3.5
253,2
254,4
255,3.5
256,3
257,3.5
258,4.5
259,3.5
260,3.5
261,3.5
262,3.5
263,3.5
264,4
265,4
266,4.5
267,4
268,4
269,2.5
270,3.5
271,4
272,3.5
273,3.5
274,4.5
275,4
276,3.5
277,3.5
278,4
279,2
280,3
281,4.5
282,4.5
283,3.5
284,4
285,3
286,4
287,3
288,4
289,4.5
290,4
291,3
292,4.5
293,3.5
294,2.5
295,3
296,3
297,4
298,4.5
299,2.5
300,4
301,3.5
302,1
303,3
304,4
305,4
306,3.5
307,3
308,3.5
309,4.5
310,4
311,3.5
312,3.5
313,2.5
314,3.5
315,3
316,2
317,3
318,3.5
319,4
320,4.5
321,3.5
322,4
323,3.5
324,4
325,3.5
326,4
327,4
328,3
329,4
330,4.5
331,3.5
332,3
333,4.5
334,4
335,2.5
336,3.5
337,4
338,4
339,3.5
340,3
341,4
342,4
343,2
344,3.5
345,3.5
346,4
347,1.5
348,4
349,3
350,3.5
351,2.5
352,3.5
353,2.5
354,3.5
355,3.5
356,3.5
357,4.5
358,4
359,3.5
360,4
361,3.5
362,1.5
363,4
364,3.5
365,1.5
366,4
367,4
368,3.5
369,4.5
370,3.5
371,3
372,2.5
373,3
374,3
375,3
376,4
377,3.5
378,4
379,3
380,4
381,4
382,3
383,3.5
384,2
385,3
386,4.5
387,4.5
388,3.5
389,3
390,4
391,4
392,3.5
393,4
394,4
395,3.5
396,3
397,2.5
398,3
399,4
400,3.5
401,4
402,3.5
403,3
404,4.5
405,4
406,3
407,4
408,3
409,3
410,2.5
411,4
412,4.5
413,3
414,4
415,3.5
416,4
417,3
418,4
419,3
420,3.5
421,4
422,2.5
423,4.5
424,2.5
425,3.5
426,3
427,3
428,3
429,2.5
430,3.5
431,3.5
432,4
433,4.5
434,3.5
435,4.5
436,4
437,4
438,3.5
439,3
440,4.5
441,4.5
442,3.5
443,4
444,4
445,2
446,3.5
447,3.5
448,2.5
449,4
450,4.5
451,4.5
452,3.5
453,3
454,3.5
455,3.5
456,3.5
457,4.5
458,3.5
459,4
460,4
461,4.5
462,2.5
463,3.5
464,3
465,3.5
466,4
467,1.5
468,3
469,1.5
470,4
471,3
472,4
473,4.5
474,4
475,3
476,3.5
477,3.5
478,4
479,3
480,3
481,3
482,3.5
483,3
484,4.5
485,4.5
486,2.5
487,3.5
488,4
489,2.5
490,4
491,2.5
492,3.5
493,4
494,2
495,4.5
496,3.5
497,4
498,3.5
499,3
500,2.5
501,3.5
502,3.5
503,4
504,3
505,4
506,4.5
507,3.5
508,3.5
509,4
510,2
511,3.5
512,4
513,4
514,4
515,3
516,4.5
517,2.5
518,4
519,3.5
520,4
521,2.5
522,3
523,4
524,4.5
525,3.5
526,4.5
527,3.5
528,2.5
529,3
530,3
531,4.5
532,3
533,4
534,2.5
535,3.5
536,3.5
537,4
538,2.5
539,4
540,3.5
541,3
542,3.5
543,3
544,3.5
545,3
546,3.5
547,2.5
548,4
549,1.5
550,3.5
551,3.5
552,3
553,3.5
554,3.5
555,4
556,4
557,1.5
558,3
559,3.5
560,4
561,4
562,3.5
563,4
564,4
565,4
566,3.5
567,3.5
568,4
569,2.5
570,3.5
571,4
572,3
573,3.5
574,3
575,3.5
576,4
577,3
578,4.5
579,3.5
580,2.5
581,4.5
582,3.5
583,3
584,3.5
585,4
586,3
587,3
588,3.5
589,3.5
590,1.5
591,2
592,4
593,3.5
594,3.5
595,3.5
596,3
597,4
598,3.5
599,3.5
600,3.5
601,3.5
602,3.5
603,2.5
604,2.5
605,3.5
606,3.5
607,3.5
608,2.5
609,3.5
610,3
611,3
612,4.5
613,2.5
614,3.5
615,3.5
616,3.5
617,3
618,4
619,3
620,4
621,4
622,3.5
623,4.5
624,3
625,3.5
626,2.5
627,3.5
628,2
629,4
630,3.5
631,4
632,3.5
633,4
634,3
635,4
636,4
637,3.5
638,3.5
639,4
640,2.5
641,3.5
642,4
643,4
644,4
645,2.5
646,3.5
647,3.5
648,1
649,4
650,3.5
651,3
652,4
653,3.5
654,3
655,3
656,4
657,4
658,2.5
659,4
660,3.5
661,2.5
662,3.5
663,4
664,4
665,4
666,3.5
667,3.5
668,3.5
669,4
670,4
671,3.5
672,3.5
673,3.5
674,4
675,3
676,3
677,3.5
678,4
679,3.5
680,4
681,4
682,3
683,4
684,3
685,4
686,3.5
687,4
688,4
689,2.5
690,3.5
691,4
692,4
693,4.5
694,4
695,3
696,4.5
697,3.5
698,3
699,4
700,4
701,4.5
702,4
703,3.5
704,2.5
705,4
706,3.5
707,3
708,2.5
709,4
710,4
711,4
712,3.5
713,3.5
714,2.5
715,1
716,3.5
717,3.5
718,4
719,3.5
720,3.5
721,4
722,4
723,2.5
724,4
725,4
726,3
727,3.5
728,4
729,3.5
730,3.5
731,4
732,4
733,3
734,3.5
735,2.5
736,4
737,3
738,4
739,4
740,3.5
741,3.5
742,3.5
743,3.5
744,4.5
745,4
746,4.5
747,3.5
748,3.5
749,4
750,4
751,2.5
752,4
753,2.5
754,4
755,2
756,3
757,4.5
758,4
759,3
760,3.5
761,4
762,3.5
763,4
764,3
765,3
766,3.5
767,4
768,3.5
769,2.5
770,4.5
771,4
772,4
773,3.5
774,4.5
775,2.5
776,3.5
777,2.5
778,4
779,4
780,3.5
781,2.5
782,3.5
783,3.5
784,3.5
785,3.5
786,2.5
787,2
788,3.5
789,4
790,4
791,3.5
792,3.5
793,4
794,4
795,4.5
796,2
797,2.5
798,3.5
799,3
800,4
801,4
802,3.5
803,3.5
804,2.5
805,3
806,4
807,3.5
808,3
809,3.5
810,4.5
811,3
812,4.5
813,4
814,3.5
815,4.5
816,3
817,4
818,3.5
819,4
820,3
821,4
822,4
823,4
824,3
825,3
826,4
827,2.5
828,4
829,2.5
830,4
831,3.5
832,3.5
833,4
834,3
835,3
836,3
837,4.5
838,4
839,2.5
840,3.5
841,4
842,2
843,3.5
844,3.5
845,4
846,4
847,3.5
848,4
849,4
850,3.5
851,3.5
852,3.5
853,4
854,3
855,4
856,3.5
857,3
858,3
859,3.5
860,4
861,4
862,3
863,3
864,3
865,2
866,1.5
867,3.5
868,4
869,3.5
870,4.5
871,3
872,2.5
873,4.5
874,4.5
875,4
876,4
877,3
878,3
879,3.5
880,3.5
881,4
882,4
883,3.5
884,3.5
885,3
886,4
887,3.5
888,3.5
889,2.5
890,3.5
891,3.5
892,2
893,4
894,3
895,4
896,2.5
897,4.5
898,3
899,3
900,3
901,3
902,2
903,4
904,3.5
905,4
906,3.5
907,4
908,2.5
909,4.5
910,2.5
911,3.5
912,4.5
913,2.5
914,3.5
915,4
916,3.5
917,4
918,4
919,4
920,3.5
921,4
922,4
923,3
924,4
925,4
926,3
927,3.5
928,4.5
929,4
930,1
931,1.5
932,4
933,4
934,3.5
935,3.5
936,4
937,3
938,3.5
939,4
940,2.5
941,4
942,3
943,4.5
944,4
945,2.5
946,3.5
947,4
948,3
949,3.5
950,3.5
951,4
952,3.5
953,4
954,3
955,4
956,4
957,3.5
958,3.5
959,4
960,4
961,4
962,4
963,3.5
964,3.5
965,4
966,3.5
967,3.5
968,3.5
969,4.5
970,3.5
971,4
972,3.5
973,3
974,2.5
975,4
976,4
977,2
978,3.5
979,3.5
980,4
981,4
982,3
983,4
984,4
985,3
986,3.5
987,4
988,4
989,4
990,3
991,2.5
992,3.5
993,5
994,4
995,3
996,3.5
997,4
998,2.5
999,4.5
1000,4
1001,4
1002,4
1003,4
1004,4
1005,4.5
1006,3.5
1007,3
1008,2.5
1009,3
1010,3
1011,4.5
1012,3.5
1013,3.5
1014,3.5
1015,3.5
1016,3
1017,3.5
1018,4
1019,3.5
1020,3.5
1021,3.5
1022,2.5
1023,3.5
1024,3
1025,3.5
1026,3
1027,4.5
1028,3.5
1029,3.5
1030,3
1031,3
1032,4
1033,3.5
1034,3.5
1035,4
1036,3
1037,3.5
1038,3.5
1039,3.5
1040,4
1041,2.5
1042,2.5
1043,2.5
1044,3.5
1045,3.5
1046,4
1047,4
1048,4
1049,3
1050,4.5
1051,4.5
1052,3.5
1053,4
1054,3.5
1055,4
1056,3.5
1057,3.5
1058,3
1059,4
1060,3.5
1061,3.5
1062,3.5
1063,3
1064,4
1065,3.5
1066,3.5
1067,2
1068,4.5
1069,4
1070,4
1071,4
1072,4
1073,0.5
1074,2
1075,3.5
1076,4
1077,2.5
1078,3.5
1079,3.5
1080,3
1081,4
1082,3.5
1083,3.5
1084,4
1085,3.5
1086,3.5
1087,3.5
1088,3.5
1089,3.5
1090,3
1091,2.5
1092,3
1093,2.5
1094,3.5
1095,3.5
1096,4
1097,3.5
1098,4
1099,4.5
1100,4
1101,3
1102,4
1103,3.5
1104,3
1105,4
1106,3.5
1107,4
1108,4
1109,3.5
1110,3.5
1111,3.5
1112,4
1113,4
1114,3.5
1115,3.5
1116,3
1117,4
1118,4
1119,4
1120,3
1121,3.5
1122,3
1123,2.5
1124,3.5
1125,3
1126,4
1127,3
1128,4
1129,4
1130,3.5
1131,3
1132,3.5
1133,2.5
1134,2
1135,3
1136,2.5
1137,2
1138,4
1139,4.5
1140,3.5
1141,3
1142,3.5
1143,3
1144,4.5
1145,4
1146,4
1147,4
1148,2.5
1149,3
1150,3.5
1151,3
1152,3
1153,4
1154,3.5
1155,3.5
1156,4
1157,3.5
1158,4
1159,4.5
1160,3.5
1161,4
1162,2
1163,3
1164,3.5
1165,3.5
1166,4
1167,4
1168,3
1169,4
1170,4.5
1171,3.5
1172,4.5
1173,4
1174,3
1175,4
1176,4.5
1177,3
1178,4
1179,4.5
1180,3.5
1181,4
1182,4.5
1183,3.5
1184,3.5
1185,4.5
1186,3
1187,3
1188,3
1189,3
1190,4
1191,4
1192,4
1193,2
1194,3.5
1195,2.5
1196,4
1197,4
1198,3.5
1199,4
1200,4
1201,4
1202,4
1203,4
1204,3.5
1205,3.5
1206,4
1207,4
1208,3.5
1209,2.5
1210,3.5
1211,3.5
1212,4
1213,3.5
1214,0
1215,3
1216,3.5
1217,4.5
1218,4.5
1219,2.5
1220,3.5
1221,3.5
1222,2.5
1223,2.5
1224,4
1225,3
1226,4.5
1227,4
1228,3.5
1229,2.5
1230,4
1231,3.5
1232,4
1233,4.5
1234,3
1235,4
1236,2.5
1237,2.5
1238,3
1239,4
1240,3.5
1241,4.5
1242,3
1243,4
1244,3
1245,4
1246,3.5
1247,4.5
1248,3.5
1249,3.5
1250,4
1251,4
1252,4
1253,4
1254,3.5
1255,4
1256,3
1257,3.5
1258,2
1259,3.5
1260,3.5
1261,3.5
1262,4
1263,2.5
1264,4
1265,3
1266,2
1267,3.5
1268,3
1269,4
1270,4
1271,4.5
1272,3.5
1273,3.5
1274,3
1275,4
1276,4
1277,4.5
1278,3
1279,3.5
1280,2.5
1281,4
1282,3.5
1283,3.5
1284,4
1285,3
1286,4
1287,3
1288,4
1289,3
1290,0.5
1291,3
1292,4
1293,4
1294,3
1295,2.5
1296,4
1297,4
1298,2
1299,4
1300,3.5
1301,3.5
1302,4.5
1303,2.5
1304,3
1305,4
1306,4
1307,3
1308,2.5
1309,3.5
1310,3
1311,3.5
1312,4.5
1313,4
1314,4
1315,4
1316,3.5
1317,3.5
1318,1.5
1319,4.5
1320,4
1321,3.5
1322,3
1323,2
1324,4
1325,4
1326,4
1327,4.5
1328,3
1329,4
1330,3.5
1331,4
1332,3.5
1333,3
1334,2.5
1335,4
1336,3.5
1337,3
1338,3
1339,2
1340,4
1341,4
1342,4
1343,4
1344,3.5
1345,3.5
1346,3.5
1347,3.5
1348,3
1349,2.5
1350,3.5
1351,3.5
1352,3
1353,3.5
1354,3.5
1355,4
1356,4
1357,4
1358,3
1359,2
1360,4
1361,3.5
1362,3
1363,0.5
1364,3
1365,3.5
1366,3.5
1367,3.5
1368,2.5
1369,3
1370,4
1371,3.5
1372,3
1373,3.5
1374,3.5
1375,3.5
1376,3.5
1377,4
1378,4
1379,3.5
1380,3
1381,3.5
1382,3
1383,3.5
1384,3.5
1385,4
1386,3.5
1387,3.5
1388,2
1389,4
1390,4
1391,3.5
1392,4
1393,3
1394,3
1395,3.5
1396,3.5
1397,3.5
1398,4
1399,4
1400,3.5
1401,4
1402,3.5
1403,4
1404,3.5
1405,3
1406,4
1407,3.5
1408,3
1409,4
1410,4
1411,4
1412,4
1413,3.5
1414,3
1415,3
1416,3.5
1417,3.5
1418,3.5
1419,3.5
1420,4
1421,3.5
1422,3
1423,2
1424,4
1425,2.5
1426,3.5
1427,4
1428,3.5
1429,4
1430,3.5
1431,3
1432,3.5
1433,4
1434,4
1435,3
1436,3
1437,3
1438,3
1439,3.5
1440,2.5
1441,4
1442,3
1443,3.5
1444,4
1445,4
1446,4
1447,3.5
1448,4.5
1449,4.5
1450,4
1451,2.5
1452,4
1453,3
1454,4.5
1455,3.5
1456,4
1457,4
1458,3.5
1459,3.5
1460,3
1461,4
1462,3
1463,4
1464,4.5
1465,2.5
1466,3.5
1467,3
1468,3.5
1469,4
1470,4
1471,4
1472,4
1473,4
1474,2
1475,3.5
1476,2
1477,4
1478,2.5
1479,3
1480,2.5
1481,3.5
1482,3
1483,4
1484,2.5
1485,4
1486,3.5
1487,4
1488,4
1489,4
1490,3.5
1491,2
1492,3.5
1493,3.5
1494,3.5
1495,1.5
1496,3.5
1497,4
1498,4
1499,3.5
1500,3
1501,3.5
1502,3.5
1503,4
1504,4
1505,4
1506,4
1507,2
1508,4.5
1509,4
1510,4
1511,3.5
1512,4
1513,4.5
1514,3.5
1515,4
1516,3.5
1517,3
1518,4
1519,4
1520,3.5
1521,3
1522,4
1523,3
1524,4
1525,3.5
1526,3
1527,3.5
1528,4.5
1529,3
1530,3.5
1531,3.5
1532,2
1533,4
1534,3.5
1535,3
1536,3
1537,3.5
1538,3.5
1539,3.5
1540,3.5
1541,4
1542,4.5
1543,3.5
1544,4
1545,3
1546,3.5
1547,4
1548,3
1549,3.5
1550,3.5
1551,4
1552,4
1553,1.5
1554,1
1555,4
1556,2.5
1557,4
1558,4
1559,2.5
1560,3.5
1561,3
1562,3
1563,4
1564,3.5
1565,3.5
1566,3
1567,3.5
1568,3
1569,2
1570,2
1571,4
1572,4
1573,3.5
1574,4.5
1575,4.5
1576,4
1577,4
1578,3.5
1579,2.5
1580,4
1581,3.5
1582,3.5
1583,3
1584,4.5
1585,3.5
1586,3.5
1587,4.5
1588,4
1589,3
1590,3.5
1591,3.5
1592,3.5
1593,4
1594,2.5
1595,4
1596,3
1597,4
1598,3
1599,3
1600,3
1601,3
1602,4.5
1603,3.5
1604,4.5
1605,3
1606,4.5
1607,3.5
1608,3.5
1609,3.5
1610,4
1611,2.5
1612,4
1613,3
1614,4
1615,4
1616,4
1617,3
1618,4
1619,3.5
1620,2.5
1621,4
1622,2.5
1623,4
1624,4
1625,4.5
1626,1.5
1627,2.5
1628,4.5
1629,3
1630,3
1631,4.5
1632,2.5
1633,3.5
1634,4
1635,2.5
1636,4
1637,4
1638,2.5
1639,3
1640,3.5
1641,4
1642,3
1643,4.5
1644,3
1645,4
1646,4
1647,3.5
1648,4
1649,3
1650,4.5
1651,3
1652,3.5
1653,3.5
1654,2.5
1655,4
1656,3.5
1657,4
1658,3.5
1659,4
1660,3.5
1661,4
1662,4
1663,3
1664,4.5
1665,4
1666,4
1667,3
1668,4.5
1669,2
1670,5
1671,3.5
1672,3
1673,3.5
1674,4.5
1675,4
1676,3.5
1677,4
1678,3.5
1679,2
1680,2.5
1681,3.5
1682,3.5
1683,4.5
1684,4
1685,3.5
1686,2.5
1687,2.5
1688,3
1689,4
1690,3
1691,3.5
1692,3.5
1693,2.5
1694,4
1695,3.5
1696,3
1697,3.5
1698,3.5
1699,3.5
1700,3.5
1701,3.5
1702,4
1703,4.5
1704,3
1705,4
1706,3.5
1707,3
1708,4
1709,4
1710,3.5
1711,3
1712,2.5
1713,4.5
1714,3.5
1715,3
1716,3.5
1717,3
1718,3
1719,4
1720,3
1721,4
1722,2.5
1723,3.5
1724,3
1725,3
1726,2.5
1727,3
1728,2.5
1729,3.5
1730,3.5
1731,2.5
1732,3.5
1733,4.5
1734,3.5
1735,2.5
1736,3.5
1737,3.5
1738,4.5
1739,3.5
1740,3.5
1741,3
1742,2.5
1743,4.5
1744,4
1745,2.5
1746,3.5
1747,2.5
1748,3.5
1749,3.5
1750,3.5
1751,3.5
1752,3.5
1753,3.5
1754,2.5
1755,3.5
1756,3.5
1757,3.5
1758,3
1759,4
1760,3.5
1761,3.5
1762,3.5
1763,3
1764,3
1765,4
1766,3
1767,4
1768,3
1769,3.5
1770,3
1771,3.5
1772,4
1773,4
1774,0.5
1775,1.5
1776,3.5
1777,3.5
1778,3.5
1779,3.5
1780,3.5
1781,3.5
1782,3
1783,3
1784,4
1785,3.5
1786,4
1787,4
1788,4
1789,3.5
1790,3.5
1791,4
1792,3
1793,4
1794,3
1795,3.5
1796,3
1797,4.5
1798,2.5
1799,3
1800,3.5
1801,4
1802,3
1803,4
1804,4
1805,4
1806,3.5
1807,4
1808,3.5
1809,2.5
1810,3.5
1811,3.5
1812,4.5
1813,4
1814,3.5
1815,4
1816,4.5
1817,4.5
1818,4
1819,4
1820,4
1821,3.5
1822,4
1823,4
1824,3
1825,2
1826,3.5
1827,4
1828,3
1829,3.5
1830,4
1831,3
1832,3
1833,4.5
1834,4
1835,3.5
1836,4
1837,3.5
1838,3.5
1839,4.5
1840,3
1841,4
1842,3.5
1843,3
1844,4
1845,3.5
1846,3
1847,4.5
1848,3.5
1849,3
1850,4
1851,4
1852,3
1853,3.5
1854,3.5
1855,4
1856,4
1857,3.5
1858,4
1859,4
1860,3.5
1861,4
1862,3
1863,3.5
1864,2.5
1865,4
1866,4
1867,4
1868,1.5
1869,3.5
1870,3.5
1871,4
1872,4.5
1873,4
1874,4.5
1875,4
1876,3.5
1877,3.5
1878,3.5
1879,2.5
1880,2.5
1881,2
1882,3.5
1883,3
1884,2.5
1885,3.5
1886,4
1887,3.5
1888,3
1889,3.5
1890,4
1891,3.5
1892,4
1893,3.5
1894,4
1895,2.5
1896,4.5
1897,4.5
1898,2.5
1899,3
1900,3.5
1901,3
1902,3.5
1903,3
1904,4
1905,4
1906,3
1907,3.5
1908,4
1909,3.5
1910,4
1911,2.5
1912,4
1913,3
1914,3
1915,3.5
1916,3.5
1917,3.5
1918,3.5
1919,1.5
1920,4
1921,4.5
1922,3.5
1923,4
1924,4
1925,3.5
1926,3.5
1927,3
1928,3.5
1929,3
1930,3
1931,3.5
1932,4
1933,3.5
1934,4
1935,2.5
1936,2
1937,3.5
1938,3
1939,3.5
1940,4.5
1941,4
1942,2.5
1943,3
1944,2.5
1945,3.5
1946,3.5
1947,2.5
1948,4.5
1949,4
1950,4
1951,4
1952,4
1953,3.5
1954,3.5
1955,3.5
1956,2.5
1957,3
1958,4
1959,2.5
1960,1
1961,4
1962,3
1963,4.5
1964,3
1965,3.5
1966,4
1967,4
1968,4.5
1969,4
1970,3
1971,3.5
1972,3.5
1973,4
1974,2
1975,2
1976,2.5
1977,3
1978,4
1979,3
1980,4
1981,3.5
1982,4
1983,4
1984,4.5
1985,3.5
1986,3.5
1987,1.5
1988,4
1989,2.5
1990,3
1991,3.5
1992,3.5
1993,2
1994,3
1995,1
1996,3
1997,3.5
1998,2.5
1999,3
2000,4
2001,3.5
2002,3
2003,3
2004,4
2005,3.5
2006,4
2007,4
2008,3.5
2009,4
2010,2.5
2011,3.5
2012,4
2013,2
2014,2.5
2015,3.5
2016,4.5
2017,4.5
2018,4
2019,3.5
2020,4
2021,4.5
2022,4
2023,4
2024,2
2025,3.5
2026,2
2027,4
2028,4
2029,4
2030,2
2031,4
2032,4
2033,4.5
2034,4
2035,4
2036,3
2037,4
2038,4
2039,3.5
2040,2.5
2041,4
2042,4
2043,3.5
2044,3
2045,3.5
2046,4.5
2047,3.5
2048,4
2049,3
2050,3.5
2051,3.5
2052,3.5
2053,3.5
2054,4.5
2055,4
2056,3
2057,4
2058,3.5
2059,2
2060,4
2061,2
2062,3.5
2063,4
2064,4
2065,2.5
2066,4
2067,4
2068,2.5
2069,4
2070,4
2071,3.5
2072,3.5
2073,4
2074,4
2075,4
2076,3
2077,3
2078,3.5
2079,3.5
2080,4
2081,4.5
2082,2.5
2083,3
2084,4
2085,3.5
2086,4
2087,3.5
2088,4
2089,3.5
2090,3
2091,2.5
2092,4
2093,3
2094,4
2095,3
2096,3.5
2097,3.5
2098,3.5
2099,3
2100,4
2101,3
2102,4.5
2103,4
2104,3
2105,3.5
2106,1.5
2107,4
2108,3
2109,4
2110,3.5
2111,3.5
2112,3.5
2113,4
2114,4
2115,3.5
2116,3.5
2117,4
2118,3.5
2119,2.5
2120,4.5
2121,3.5
2122,3.5
2123,4
2124,3.5
2125,3.5
2126,4
2127,3.5
2128,3.5
2129,1.5
2130,3
2131,3
2132,4
2133,3
2134,3.5
2135,3
2136,2.5
2137,2.5
2138,4
2139,2.5
2140,3.5
2141,3
2142,3.5
2143,3
2144,3
2145,4
2146,3.5
2147,4
2148,3.5
2149,3
2150,4.5
2151,4
2152,3.5
2153,2.5
2154,3
2155,3.5
2156,4
2157,3.5
2158,3.5
2159,4
2160,3.5
2161,3.5
2162,4
2163,3.5
2164,3.5
2165,3.5
2166,4
2167,3.5
2168,4
2169,4.5
2170,3
2171,3.5
2172,4
2173,3
2174,2.5
2175,4
2176,3.5
2177,3.5
2178,3.5
2179,4
2180,3.5
2181,4.5
2182,4.5
2183,1.5
2184,4
2185,3.5
2186,3.5
2187,4.5
2188,3
2189,3.5
2190,3.5
2191,4
2192,3
2193,3.5
2194,3.5
2195,4
2196,4
2197,2.5
2198,3.5
2199,4
2200,2.5
2201,2.5
2202,4.5
2203,4
2204,4.5
2205,3.5
2206,4.5
2207,3.5
2208,3.5
2209,3.5
2210,4
2211,4
2212,3.5
2213,4.5
2214,4
2215,3.5
2216,4
2217,2.5
2218,3.5
2219,3.5
2220,4
2221,3
2222,3.5
2223,3
2224,4
2225,4
2226,3.5
2227,4.5
2228,3
2229,3.5
2230,3.5
2231,2.5
2232,3
2233,4
2234,4.5
2235,2.5
2236,3.5
2237,4
2238,4.5
2239,4
2240,4
2241,4
2242,3.5
2243,4
2244,3
2245,4
2246,3.5
2247,4.5
2248,4.5
2249,4.5
2250,3.5
2251,2.5
2252,3.5
2253,4
2254,4
2255,3.5
2256,3.5
2257,3.5
2258,3.5
2259,3
2260,3.5
2261,4
2262,3
2263,3.5
2264,3
2265,3
2266,4
2267,4
2268,3.5
2269,4
2270,4
2271,4
2272,4
2273,4
2274,4
2275,4
2276,2.5
2277,4
2278,4
2279,4
2280,3
2281,3.5
2282,4
2283,2.5
2284,3.5
2285,4
2286,3.5
2287,3.5
2288,2.5
2289,3.5
2290,3
2291,4
2292,3.5
2293,4
2294,4.5
2295,3
2296,3.5
2297,3
2298,4
2299,4
2300,4
2301,3
2302,3.5
2303,4
2304,3.5
2305,4
2306,4
2307,4
2308,3.5
2309,3.5
2310,4
2311,4
2312,4
2313,4
2314,3.5
2315,3.5
2316,1.5
2317,3.5
2318,3.5
2319,4
2320,4
2321,4.5
2322,3
2323,2.5
2324,1.5
2325,3
2326,2.5
2327,3.5
2328,3.5
2329,3.5
2330,4
2331,3
2332,2
2333,4
2334,4
2335,4
2336,4
2337,4
2338,4
2339,3.5
2340,4.5
2341,3.5
2342,3.5
2343,4
2344,3.5
2345,3.5
2346,4
2347,3
2348,3.5
2349,3.5
2350,3.5
2351,4
2352,1
2353,4
2354,4
2355,2.5
2356,3.5
2357,3
2358,3.5
2359,4.5
2360,4
2361,1.5
2362,2
2363,4
2364,3.5
2365,4.5
2366,3.5
2367,4.5
2368,4
2369,3.5
2370,3
2371,3
2372,4
2373,2
2374,4
2375,4.5
2376,4.5
2377,3
2378,3.5
2379,4
2380,2.5
2381,3
2382,4
2383,4.5
2384,4
2385,4
2386,2.5
2387,2
2388,4.5
2389,1
2390,2.5
2391,4
2392,4
2393,3
2394,4
2395,4
2396,3.5
2397,2.5
2398,3.5
2399,4.5
2400,1
2401,3.5
2402,3.5
2403,3.5
2404,2.5
2405,3
2406,3
2407,3.5
2408,3
2409,3
2410,4
2411,3
2412,3.5
2413,4.5
2414,4
2415,3
2416,4
2417,4
2418,3.5
2419,3.5
2420,4.5
2421,4
2422,4
2423,4
2424,4
2425,2.5
2426,3.5
2427,3
2428,3.5
2429,4
2430,3.5
2431,1.5
2432,3.5
2433,3.5
2434,3.5
2435,3.5
2436,4
2437,4
2438,4
2439,3
2440,3.5
2441,4
2442,2.5
2443,4
2444,4
2445,4
2446,4
2447,3.5
2448,3.5
2449,3.5
2450,2.5
2451,4.5
2452,3.5
2453,3.5
2454,3.5
2455,3
2456,4
2457,2.5
2458,4.5
2459,4
2460,4
2461,3.5
2462,4.5
2463,3
2464,3
2465,3
2466,4.5
2467,3.5
2468,4
2469,3
2470,3.5
2471,2.5
2472,3.5
2473,3.5
2474,3.5
2475,4
2476,4
2477,4
2478,3.5
2479,4
2480,4.5
2481,3.5
2482,4
2483,3.5
2484,3
2485,3.5
2486,3
2487,4
2488,4.5
2489,4.5
2490,4
2491,4
2492,4
2493,4
2494,4
2495,3.5
2496,3
2497,4.5
2498,3.5
2499,2
2500,1.5
2501,2.5
2502,4
2503,3.5
2504,3.5
2505,4.5
2506,2.5
2507,4.5
2508,4
2509,3
2510,4
2511,4.5
2512,3
2513,3
2514,2
2515,3.5
2516,3.5
2517,4.5
2518,3
2519,4
2520,4
2521,4.5
2522,2
2523,3.5
2524,3.5
2525,3.5
2526,2.5
2527,3.5
2528,3
2529,4.5
2530,3.5
2531,3
2532,4
2533,4
2534,4
2535,4.5
2536,3.5
2537,3.5
2538,3
2539,4
2540,2
2541,3.5
2542,3.5
2543,4
2544,2
2545,4
2546,4
2547,3
2548,3.5
2549,2.5
2550,4
2551,3.5
2552,4
2553,3
2554,4
2555,2.5
2556,4
2557,4
2558,4
2559,1.5
2560,3
2561,2.5
2562,2
2563,4
2564,4
2565,3.5
2566,4
2567,3.5
2568,3
2569,3.5
2570,4
2571,4
2572,3.5
2573,3.5
2574,4.5
2575,3
2576,3
2577,3
2578,3.5
2579,3.5
2580,4
2581,4
2582,4
2583,3.5
2584,4
2585,4
2586,3
2587,3.5
2588,4.5
2589,3.5
2590,3.5
2591,3
2592,4
2593,4
2594,3.5
2595,3.5
2596,3.5
2597,4.5
2598,2
2599,4
2600,4
2601,4
2602,3.5
2603,3.5
2604,3.5
2605,3
2606,4
2607,3.5
2608,2.5
2609,4.5
2610,4
2611,3.5
2612,3
2613,2.5
2614,3.5
2615,2.5
2616,3
2617,4
2618,3.5
2619,3.5
2620,3.5
2621,3.5
2622,3.5
2623,4
2624,3.5
2625,2
2626,3.5
2627,3
2628,3
2629,2
2630,4
2631,4
2632,3.5
2633,3.5
2634,3.5
2635,3
2636,3.5
2637,3.5
2638,3.5
2639,2.5
2640,4
2641,3.5
2642,4
2643,4
2644,2.5
2645,4.5
2646,2.5
2647,2
2648,3
2649,3.5
2650,4
2651,4
2652,4.5
2653,2.5
2654,3.5
2655,3.5
2656,3
2657,2.5
2658,3.5
2659,3
2660,4.5
2661,3
2662,4.5
2663,3
2664,3.5
2665,4
2666,4
2667,3.5
2668,4
2669,3.5
2670,3.5
2671,3
2672,3
2673,3.5
2674,2.5
2675,2
2676,3.5
2677,3.5
2678,3.5
2679,3
2680,3.5
2681,4
2682,2
2683,2.5
2684,4
2685,4
2686,3.5
2687,3
2688,2.5
2689,4
2690,2.5
2691,3.5
2692,3.5
2693,3.5
2694,3
2695,2.5
2696,4
2697,3
2698,3
2699,3
2700,3.5
2701,1.5
2702,3
2703,3
2704,2
2705,2.5
2706,4
2707,4
2708,4
2709,3
2710,3.5
2711,3.5
2712,3
2713,4
2714,3.5
2715,4
2716,3
2717,2.5
2718,4
2719,4.5
2720,3.5
2721,3.5
2722,4
2723,3.5
2724,3.5
2725,3.5
2726,4.5
2727,3.5
2728,3.5
2729,3.5
2730,3
2731,4
2732,2.5
2733,4
2734,4
2735,4
2736,3.5
2737,3
2738,4
2739,4
2740,3.5
2741,2.5
2742,3.5
2743,4
2744,3.5
2745,3.5
2746,4.5
2747,3.5
2748,3
2749,3
2750,2.5
2751,4
2752,3.5
2753,4.5
2754,3.5
2755,3.5
2756,4
2757,4
2758,3.5
2759,3.5
2760,3.5
2761,3
2762,3.5
2763,3.5
2764,4
2765,2.5
2766,4
2767,4.5
2768,4
2769,3.5
2770,2
2771,4
2772,2
2773,4
2774,4
2775,3.5
2776,3.5
2777,4
2778,4
2779,3.5
2780,4
2781,4
2782,3
2783,4
2784,2.5
2785,3.5
2786,3.5
2787,3
2788,3.5
2789,3
2790,3.5
2791,4
2792,4
2793,3.5
2794,3
2795,3.5
2796,4
2797,4.5
2798,3
2799,3
2800,4
2801,3.5
2802,3
2803,4
2804,4
2805,4
2806,3
2807,3.5
2808,3
2809,3
2810,4
2811,4
2812,3
2813,4
2814,1
2815,3
2816,4
2817,3
2818,3.5
2819,3.5
2820,4
2821,3
2822,3.5
2823,1.5
2824,3
2825,4
2826,3.5
2827,3.5
2828,4
2829,3.5
2830,4
2831,4
2832,3
2833,4
2834,3.5
2835,4
2836,4.5
2837,3.5
2838,3.5
2839,2
2840,2.5
2841,4
2842,3.5
2843,4
2844,4.5
2845,4
2846,3
2847,2.5
2848,3.5
2849,3.5
2850,3.5
2851,4.5
2852,4.5
2853,4
2854,4
2855,3.5
2856,3
2857,4
2858,4.5
2859,4
2860,3.5
2861,3
2862,3.5
2863,2.5
2864,3.5
2865,4
2866,4.5
2867,3
2868,4
2869,4
2870,3
2871,4
2872,3.5
2873,3.5
2874,4
2875,4
2876,2.5
2877,3
2878,3.5
2879,3.5
2880,2.5
2881,2
2882,3.5
2883,3.5
2884,4
2885,3.5
2886,3.5
2887,1
2888,2.5
2889,3.5
2890,3
2891,4
2892,4
2893,3.5
2894,4
2895,4
2896,4
2897,4
2898,3
2899,4.5
2900,3.5
2901,2.5
2902,4
2903,3.5
2904,4
2905,2.5
2906,4
2907,3.5
2908,4
2909,3.5
2910,4
2911,2.5
2912,4
2913,3.5
2914,3.5
2915,3.5
2916,3.5
2917,3.5
2918,3.5
2919,4.5
2920,3.5
2921,3.5
2922,3
2923,3.5
2924,3
2925,3
2926,4
2927,4.5
2928,4.5
2929,3.5
2930,4.5
2931,3.5
2932,2.5
2933,2
2934,3.5
2935,4
2936,3.5
2937,3.5
2938,5
2939,3.5
2940,4
2941,4.5
2942,3
2943,3.5
2944,3.5
2945,4
2946,4
2947,3.5
2948,3
2949,3.5
2950,3
2951,1.5
2952,4.5
2953,4.5
2954,3.5
2955,3.5
2956,2.5
2957,4
2958,4.5
2959,2.5
2960,2.5
2961,3.5
2962,4
2963,2
2964,3.5
2965,3.5
2966,2.5
2967,3.5
2968,4.5
2969,4
2970,3.5
2971,3.5
2972,2
2973,3.5
2974,2.5
2975,3.5
2976,3.5
2977,4
2978,3.5
2979,3.5
2980,2.5
2981,2.5
2982,4
2983,3.5
2984,4
2985,4.5
2986,3
2987,3.5
2988,3
2989,4
2990,3.5
2991,4
2992,4.5
2993,4
2994,4
2995,4
2996,3.5
2997,4
2998,4
2999,4.5
3000,2.5
3001,3.5
3002,4
3003,4
3004,3
3005,3.5
3006,3.5
3007,2.5
3008,3.5
3009,4
3010,4
3011,2
3012,4
3013,4
3014,3
3015,4
3016,4
3017,3.5
3018,2
3019,3.5
3020,3.5
3021,3
3022,4
3023,3.5
3024,4
3025,4.5
3026,2
3027,3
3028,4
3029,3
3030,3.5
3031,3
3032,0.5
3033,3.5
3034,4
3035,4
3036,3.5
3037,4
3038,4
3039,3
3040,3.5
3041,2
3042,3.5
3043,2
3044,4
3045,4.5
3046,3
3047,4
3048,2.5
3049,3.5
3050,4.5
3051,3.5
3052,3
3053,4
3054,4
3055,4
3056,4
3057,4.5
3058,2
3059,3
3060,4
3061,3.5
3062,2.5
3063,3.5
3064,3.5
3065,3
3066,4
3067,4.5
3068,4
3069,3
3070,4.5
3071,3
3072,3.5
3073,3
3074,3.5
3075,4.5
3076,4
3077,4
3078,3
3079,1
3080,2
3081,3.5
3082,4
3083,3.5
3084,3.5
3085,3
3086,3.5
3087,1.5
3088,3
3089,4
3090,4
3091,3.5
3092,3.5
3093,3.5
3094,4.5
3095,3.5
3096,4
3097,4.5
3098,4
3099,4.5
3100,4.5
3101,3.5
3102,1.5
3103,4
3104,4
3105,4
3106,4.5
3107,4
3108,1
3109,4
3110,4
3111,4
3112,3.5
3113,4
3114,3.5
3115,3.5
3116,3.5
3117,4.5
3118,4
3119,4
3120,4
3121,3
3122,1.5
3123,3
3124,3
3125,4
3126,3.5
3127,3.5
3128,3
3129,2
3130,3.5
3131,4
3132,4.5
3133,3.5
3134,3
3135,3.5
3136,4
3137,4
3138,4
3139,3.5
3140,4
3141,4
3142,4
3143,3.5
3144,3.5
3145,3
3146,3.5
3147,3.5
3148,3.5
3149,4
3150,3.5
3151,3
3152,4
3153,3.5
3154,4
3155,3
3156,4
3157,4
3158,3
3159,3.5
3160,4.5
3161,3.5
3162,3.5
3163,3
3164,3.5
3165,3.5
3166,3.5
3167,4
3168,3
3169,2.5
3170,3.5
3171,3.5
3172,4
3173,2.5
3174,3
3175,3
3176,3.5
3177,2.5
3178,3
3179,3
3180,3.5
3181,3.5
3182,4
3183,3.5
3184,3.5
3185,4
3186,4.5
3187,3
3188,2
3189,3.5
3190,5
3191,4
3192,4
3193,4
3194,3
3195,4
3196,3
3197,2.5
3198,4
3199,4.5
3200,3
3201,3
3202,4.5
3203,4.5
3204,3.5
3205,3
3206,4
3207,4.5
3208,2.5
3209,4.5
3210,2
3211,4
3212,4
3213,4
3214,2.5
3215,4
3216,3
3217,3.5
3218,3
3219,4
3220,3.5
3221,4
3222,3.5
3223,2
3224,2.5
3225,2.5
3226,3.5
3227,3.5
3228,3
3229,3
3230,4
3231,3
3232,3.5
3233,3.5
3234,4
3235,3.5
3236,3.5
3237,4
3238,4
3239,3.5
3240,3
3241,4
3242,3.5
3243,3
3244,4.5
3245,2
3246,3.5
3247,4
3248,4
3249,3
3250,4
3251,3.5
3252,3.5
3253,3
3254,3
3255,3.5
3256,1.5
3257,3
3258,3.5
3259,4
3260,4
3261,3
3262,4
3263,3.5
3264,2.5
3265,4
3266,3.5
3267,4.5
3268,2.5
3269,4
3270,3.5
3271,4.5
3272,3
3273,3.5
3274,4
3275,4.5
3276,4
3277,2.5
3278,3.5
3279,2.5
3280,3.5
3281,3.5
3282,3.5
3283,2
3284,4
3285,3.5
3286,4
3287,4
3288,3
3289,4
3290,4
3291,2.5
3292,3.5
3293,3
3294,4
3295,4
3296,4
3297,3.5
3298,4
3299,3.5
3300,4
3301,3
3302,3.5
3303,4.5
3304,4
3305,4
3306,2
3307,4
3308,2
3309,3.5
3310,4
3311,4
3312,4.5
3313,4
3314,4.5
3315,4
3316,4.5
3317,3.5
3318,3.5
3319,4
3320,3.5
3321,3.5
3322,2
3323,4
3324,4.5
3325,3
3326,3.5
3327,2.5
3328,4.5
3329,4
3330,3
3331,3.5
3332,3.5
3333,3
3334,4
3335,3.5
3336,2
3337,0.5
3338,3
3339,2.5
3340,1.5
3341,3.5
3342,4
3343,3
3344,2
3345,3.5
3346,3
3347,3.5
3348,2.5
3349,4
3350,3.5
3351,3.5
3352,3.5
3353,3.5
3354,2
3355,3
3356,4
3357,3.5
3358,4
3359,3
3360,3.5
3361,3
3362,3.5
3363,3.5
3364,4.5
3365,4
3366,3.5
3367,3
3368,2.5
3369,3.5
3370,3
3371,3.5
3372,4
3373,3.5
3374,4
3375,3
3376,3.5
3377,4
3378,3.5
3379,3.5
3380,3.5
3381,3.5
3382,3.5
3383,4.5
3384,4
3385,4
3386,3
3387,4.5
3388,4.5
3389,2.5
3390,3
3391,1.5
3392,3.5
3393,4.5
3394,4
3395,3
3396,3
3397,3
3398,2.5
3399,3.5
3400,4
3401,4.5
3402,3
3403,3.5
3404,4.5
3405,3
3406,4.5
3407,4
3408,3
3409,4
3410,4
3411,4.5
3412,3
3413,3
3414,2.5
3415,3.5
3416,4
3417,3
3418,2.5
3419,3.5
3420,3
3421,3
3422,4
3423,1.5
3424,3.5
3425,3.5
3426,2.5
3427,4
3428,3
3429,3
3430,3.5
3431,4
3432,4
3433,3.5
3434,4.5
3435,3
3436,4
3437,4.5
3438,4
3439,3.5
3440,4
3441,2.5
3442,3.5
3443,4
3444,3.5
3445,3.5
3446,4
3447,4
3448,3.5
3449,4.5
3450,3
3451,4
3452,1.5
3453,3.5
3454,4.5
3455,2.5
3456,3
3457,4
3458,3.5
3459,4
3460,3.5
3461,3.5
3462,3.5
3463,3.5
3464,3
3465,4
3466,4
3467,4.5
3468,4
3469,3.5
3470,4
3471,4
3472,3
3473,4
3474,2
3475,3.5
3476,1.5
3477,4
3478,4
3479,3
3480,2
3481,3
3482,4.5
3483,3
3484,4
3485,4
3486,3.5
3487,4
3488,3
3489,3.5
3490,4.5
3491,3.5
3492,4
3493,3.5
3494,4
3495,4
3496,4.5
3497,4.5
3498,4
3499,4
3500,4.5
3501,3.5
3502,3
3503,3.5
3504,4
3505,3.5
3506,4
3507,3.5
3508,3.5
3509,4
3510,4
3511,3
3512,3.5
3513,4.5
3514,3
3515,4
3516,4
3517,3.5
3518,3
3519,3.5
3520,4
3521,2.5
3522,3.5
3523,3.5
3524,4
3525,3.5
3526,4
3527,4
3528,3.5
3529,4
3530,3.5
3531,4.5
3532,3.5
3533,2.5
3534,2.5
3535,3
3536,4
3537,4
3538,4
3539,3.5
3540,3.5
3541,3
3542,4
3543,3
3544,4
3545,4
3546,2.5
3547,4
3548,3.5
3549,2.5
3550,2.5
3551,2.5
3552,3
3553,4
3554,3.5
3555,4
3556,3.5
3557,2.5
3558,4
3559,3.5
3560,3
3561,4
3562,4
3563,2.5
3564,3.5
3565,3
3566,3
3567,3.5
3568,4
3569,3.5
3570,3
3571,4
3572,3.5
3573,2
3574,4
3575,3
3576,3.5
3577,3
3578,3.5
3579,3.5
3580,2
3581,4.5
3582,4.5
3583,2.5
3584,3.5
3585,3.5
3586,3.5
3587,3
3588,3.5
3589,4.5
3590,4
3591,4
3592,3.5
3593,3
3594,3.5
3595,3
3596,3.5
3597,4.5
3598,3
3599,3.5
3600,4.5
3601,3.5
3602,3
3603,4.5
3604,3.5
3605,3.5
3606,4.5
3607,4
3608,3.5
3609,4
3610,2.5
3611,3.5
3612,3.5
3613,4
3614,4
3615,4
3616,3
3617,4.5
3618,3.5
3619,4.5
3620,2.5
3621,3
3622,4
3623,2
3624,4
3625,4
3626,4
3627,2.5
3628,3
3629,2
3630,3.5
3631,3
3632,4
3633,3
3634,1
3635,2
3636,2
3637,3.5
3638,3.5
3639,4.5
3640,3
3641,2.5
3642,4
3643,4
3644,3.5
3645,3.5
3646,4.5
3647,4
3648,3
3649,3
3650,3
3651,3
3652,3
3653,4
3654,4
3655,3.5
3656,3
3657,3.5
3658,4
3659,1.5
3660,4.5
3661,4
3662,4
3663,3.5
3664,3.5
3665,2.5
3666,3.5
3667,3.5
3668,3.5
3669,3
3670,2.5
3671,3.5
3672,3.5
3673,4.5
3674,1.5
3675,4
3676,3.5
3677,4
3678,3
3679,3
3680,4.5
3681,3
3682,3
3683,3
3684,3.5
3685,4
3686,2.5
3687,4.5
3688,4.5
3689,3
3690,2
3691,4.5
3692,4
3693,3.5
3694,3
3695,4
3696,3
3697,4
3698,3
3699,4
3700,4
3701,4.5
3702,3.5
3703,3.5
3704,3.5
3705,4
3706,3
3707,3.5
3708,4
3709,3
3710,3
3711,4
3712,3
3713,3.5
3714,2.5
3715,3
3716,3.5
3717,3.5
3718,3.5
3719,4
3720,3.5
3721,3
3722,3.5
3723,3
3724,4
3725,2.5
3726,3
3727,3.5
3728,3.5
3729,3
3730,3.5
3731,4.5
3732,4
3733,3
3734,3
3735,3.5
3736,3.5
3737,2.5
3738,3
3739,4
3740,4
3741,1.5
3742,3.5
3743,3
3744,4
3745,3.5
3746,3.5
3747,4
3748,4
3749,2.5
3750,4
3751,4
3752,3
3753,4
3754,3
3755,2
3756,3.5
3757,1.5
3758,4
3759,3
3760,4
3761,2.5
3762,4
3763,4
3764,3.5
3765,3
3766,2.5
3767,4
3768,2.5
3769,3.5
3770,2.5
3771,3.5
3772,3.5
3773,3.5
3774,4
3775,2.5
3776,2.5
3777,3
3778,4
3779,4
3780,3.5
3781,4
3782,4
3783,4
3784,4
3785,3
3786,4
3787,4
3788,3
3789,3.5
3790,4
3791,4
3792,3.5
3793,4.5
3794,4
3795,3
3796,4
3797,4.5
3798,4
3799,3
3800,4
3801,2
3802,3
3803,4.5
3804,3
3805,3
3806,4
3807,3.5
3808,3
3809,3
3810,4.5
3811,4.5
3812,3.5
3813,3.5
3814,2.5
3815,2.5
3816,4
3817,2
3818,4
3819,4
3820,3.5
3821,4
3822,4
3823,2.5
3824,3.5
3825,3.5
3826,2.5
3827,4
3828,3.5
3829,3.5
3830,3
3831,3
3832,3
3833,3.5
3834,3.5
3835,2.5
3836,4.5
3837,2.5
3838,4
3839,4
3840,2.5
3841,3
3842,4
3843,2
3844,4
3845,3
3846,3.5
3847,3
3848,3
3849,3.5
3850,4
3851,4
3852,3
3853,3.5
3854,4
3855,4.5
3856,4
3857,3
3858,4
3859,4
3860,3.5
3861,2.5
3862,2
3863,4
3864,4
3865,3.5
3866,4.5
3867,4
3868,4
3869,2.5
3870,4.5
3871,4
3872,2.5
3873,3.5
3874,3.5
3875,2.5
3876,4
3877,3.5
3878,3.5
3879,3
3880,3
3881,2.5
3882,4
3883,3
3884,3.5
3885,2.5
3886,4.5
3887,3.5
3888,3.5
3889,4
3890,4
3891,3
3892,4
3893,2
3894,4
3895,3
3896,4.5
3897,4.5
3898,3.5
3899,3.5
3900,3.5
3901,3.5
3902,3.5
3903,3.5
3904,3.5
3905,3.5
3906,3
3907,4
3908,3
3909,3.5
3910,3.5
3911,3.5
3912,3.5
3913,4
3914,2.5
3915,4
3916,2.5
3917,4.5
3918,4
3919,3
3920,4
3921,4.5
3922,3.5
3923,3
3924,4
3925,4.5
3926,3.5
3927,4.5
3928,4.5
3929,4
3930,3.5
3931,3.5
3932,4.5
3933,4
3934,3.5
3935,3
3936,3.5
3937,3.5
3938,2.5
3939,4.5
3940,3.5
3941,3
3942,3
3943,3.5
3944,2.5
3945,3.5
3946,4
3947,3
3948,4
3949,3.5
3950,3
3951,2
3952,4
3953,3.5
3954,2.5
3955,3.5
3956,3.5
3957,3.5
3958,4
3959,3.5
3960,3.5
3961,4
3962,4
3963,4
3964,4
3965,3.5
3966,3.5
3967,3
3968,2
3969,4
3970,2.5
3971,4
3972,3
3973,4
3974,4
3975,3
3976,3.5
3977,3
3978,4.5
3979,3.5
3980,4
3981,3
3982,4
3983,3.5
3984,4
3985,3.5
3986,2
3987,3.5
3988,3
3989,4
3990,3.5
3991,3
3992,3.5
3993,4
3994,4
3995,3.5
3996,4
3997,3
3998,3.5
3999,3.5
4000,4
4001,3.5
4002,4
4003,3
4004,4
4005,3.5
4006,2.5
4007,2.5
4008,2.5
4009,3
4010,4
4011,4
4012,3.5
4013,3
4014,3
4015,3.5
4016,3
4017,4
4018,4
4019,2
4020,3.5
4021,3.5
4022,4
4023,4
4024,3.5
4025,4
4026,4.5
4027,3
4028,4.5
4029,3
4030,4
4031,4.5
4032,4
4033,2.5
4034,3.5
4035,4
4036,4
4037,2.5
4038,3
4039,3.5
4040,4.5
4041,4.5
4042,3.5
4043,2.5
4044,4.5
4045,4
4046,4
4047,3
4048,3.5
4049,4.5
4050,3
4051,3
4052,3.5
4053,2.5
4054,3.5
4055,3.5
4056,4
4057,1.5
4058,3
4059,4
4060,4
4061,4
4062,3.5
4063,3.5
4064,1.5
4065,4
4066,3.5
4067,2.5
4068,3.5
4069,3.5
4070,4
4071,2
4072,4
4073,3
4074,4
4075,2.5
4076,2.5
4077,3.5
4078,4
4079,3
4080,3
4081,4
4082,2
4083,3.5
4084,4.5
4085,3.5
4086,3
4087,4
4088,3.5
4089,4
4090,3.5
4091,3
4092,3.5
4093,1
4094,4
4095,4
4096,3.5
4097,4
4098,3.5
4099,3.5
4100,3
4101,3.5
4102,3.5
4103,4
4104,3.5
4105,4
4106,3
4107,4
4108,4
4109,3.5
4110,4.5
4111,4
4112,3
4113,4
4114,4
4115,3.5
4116,3.5
4117,4.5
4118,4
4119,4
4120,4
4121,2
4122,2.5
4123,3.5
4124,4
4125,3
4126,4
4127,4.5
4128,4
4129,3
4130,4
4131,2.5
4132,3
4133,4
4134,4
4135,4
4136,4.5
4137,4
4138,3.5
4139,3.5
4140,4
4141,4
4142,2.5
4143,3
4144,4
4145,4
4146,4.5
4147,3.5
4148,3.5
4149,3.5
4150,3.5
4151,2.5
4152,3
4153,3.5
4154,4
4155,3.5
4156,4
4157,3.5
4158,3
4159,4
4160,3
4161,3.5
4162,3.5
4163,4
4164,3.5
4165,3
4166,3.5
4167,3
4168,3
4169,4
4170,4
4171,3.5
4172,2.5
4173,3.5
4174,3
4175,3
4176,4
4177,3.5
4178,3.5
4179,2
4180,2.5
4181,3.5
4182,4.5
4183,3.5
4184,2.5
4185,3.5
4186,3.5
4187,4
4188,3.5
4189,3.5
4190,3.5
4191,3.5
4192,3
4193,3.5
4194,4
4195,2.5
4196,3
4197,3
4198,2
4199,3.5
4200,3.5
4201,3.5
4202,4
4203,4
4204,3.5
4205,4
4206,1.5
4207,4
4208,4
4209,4.5
4210,4
4211,4
4212,3
4213,3.5
4214,4
4215,3
4216,3.5
4217,4
4218,3
4219,3
4220,2.5
4221,3.5
4222,4
4223,3.5
4224,4
4225,4
4226,4
4227,2.5
4228,4.5
4229,4
4230,3
4231,3
4232,4
4233,4
4234,3.5
4235,4.5
4236,2
4237,3.5
4238,3.5
4239,3.5
4240,4
4241,1.5
4242,3
4243,3.5
4244,3.5
4245,3
4246,3.5
4247,3.5
4248,4
4249,4
4250,3.5
4251,4
4252,2
4253,3
4254,4
4255,4
4256,4
4257,3
4258,4
4259,4
4260,3.5
4261,3.5
4262,3.5
4263,4
4264,3.5
4265,3.5
4266,4.5
4267,3
4268,3
4269,4
4270,3.5
4271,4
4272,3.5
4273,3.5
4274,3
4275,3
4276,4
4277,4.5
4278,2.5
4279,4
4280,2
4281,3
4282,4
4283,2.5
4284,3.5
4285,4
4286,4
4287,3.5
4288,4
4289,2.5
4290,4.5
4291,1.5
4292,3
4293,4
4294,3
4295,3.5
4296,3.5
4297,1.5
4298,3
4299,3.5
4300,3.5
4301,4
4302,2.5
4303,2.5
4304,4
4305,4
4306,4
4307,4
4308,2.5
4309,4
4310,3.5
4311,2.5
4312,3
4313,4
4314,3.5
4315,2.5
4316,3
4317,3
4318,4
4319,4
4320,3
4321,4.5
4322,3.5
4323,2.5
4324,4
4325,3.5
4326,4
4327,4
4328,3.5
4329,3.5
4330,3
4331,3.5
4332,3
4333,3.5
4334,3.5
4335,4
4336,3
4337,4
4338,3.5
4339,3.5
4340,3.5
4341,3
4342,4
4343,2
4344,4
4345,4
4346,3.5
4347,4
4348,3
4349,3.5
4350,3
4351,3.5
4352,4
4353,3.5
4354,4
4355,4.5
4356,3.5
4357,3.5
4358,3.5
4359,4
4360,3.5
4361,2
4362,4.5
4363,3.5
4364,3
4365,3.5
4366,4
4367,4
4368,3.5
4369,4
4370,4
4371,3
4372,2.5
4373,4.5
4374,4.5
4375,3
4376,2
4377,4
4378,3.5
4379,4
4380,4
4381,4.5
4382,2.5
4383,4
4384,3.5
4385,3.5
4386,4
4387,3.5
4388,4
4389,2.5
4390,4
4391,2.5
4392,4
4393,3.5
4394,3.5
4395,3.5
4396,3
4397,4
4398,4
4399,3.5
4400,4
4401,2
4402,3
4403,3
4404,4
4405,4.5
4406,3.5
4407,4
4408,2.5
4409,3.5
4410,3.5
4411,2
4412,3.5
4413,2
4414,3
4415,3.5
4416,3.5
4417,3.5
4418,4
4419,3.5
4420,3
4421,2
4422,3
4423,4
4424,3.5
4425,4
4426,3.5
4427,4.5
4428,4
4429,4
4430,4
4431,4
4432,3.5
4433,4
4434,3.5
4435,3.5
4436,4
4437,3.5
4438,1
4439,4
4440,4
4441,3.5
4442,4.5
4443,4
4444,3.5
4445,4.5
4446,3.5
4447,3.5
4448,3.5
4449,2.5
4450,2.5
4451,3.5
4452,3
4453,4
4454,4.5
4455,4.5
4456,4
4457,3
4458,3.5
4459,3.5
4460,4
4461,3
4462,3
4463,4
4464,3.5
4465,3.5
4466,3
4467,3.5
4468,3.5
4469,3.5
4470,3.5
4471,4
4472,3.5
4473,3.5
4474,4
4475,3
4476,3.5
4477,4
4478,3
4479,3.5
4480,3
4481,2.5
4482,1.5
4483,4
4484,3.5
4485,3.5
4486,3.5
4487,3.5
4488,4
4489,3.5
4490,3.5
4491,3.5
4492,3.5
4493,3.5
4494,2
4495,2
4496,3
4497,4
4498,3.5
4499,3.5
4500,3
4501,3.5
4502,3.5
4503,3.5
4504,3
4505,4
4506,2.5
4507,3.5
4508,3.5
4509,3.5
4510,3.5
4511,3.5
4512,4
4513,4.5
4514,3
4515,4
4516,4.5
4517,3
4518,3
4519,3
4520,3
4521,3.5
4522,3.5
4523,4
4524,4
4525,3.5
4526,3.5
4527,3.5
4528,3
4529,3
4530,3.5
4531,3
4532,4
4533,3
4534,4.5
4535,1
4536,2.5
4537,4
4538,3.5
4539,2.5
4540,4
4541,4
4542,3.5
4543,4
4544,4
4545,4
4546,4
4547,3.5
4548,3.5
4549,2.5
4550,3
4551,4
4552,5
4553,4
4554,3.5
4555,3.5
4556,3.5
4557,2
4558,3.5
4559,3
4560,4
4561,4
4562,4.5
4563,4
4564,4
4565,3.5
4566,3
4567,3.5
4568,3.5
4569,3.5
4570,4.5
4571,3.5
4572,3.5
4573,4.5
4574,3.5
4575,3
4576,2
4577,3.5
4578,3.5
4579,2.5
4580,4.5
4581,3.5
4582,3.5
4583,4
4584,3.5
4585,4
4586,4
4587,3
4588,3.5
4589,4.5
4590,3.5
4591,2.5
4592,4.5
4593,3.5
4594,1
4595,3.5
4596,3
4597,3.5
4598,3.5
4599,3
4600,3
4601,4
4602,4
4603,4
4604,4
4605,3.5
4606,4.5
4607,3
4608,4
4609,4
4610,4
4611,4
4612,3.5
4613,4.5
4614,3.5
4615,4
4616,4
4617,3.5
4618,2.5
4619,3.5
4620,4
4621,3.5
4622,4
4623,4
4624,4
4625,3.5
4626,3
4627,2.5
4628,3.5
4629,4
4630,4
4631,4.5
4632,4
4633,3.5
4634,3
4635,4
4636,3.5
4637,3.5
4638,3.5
4639,3.5
4640,4
4641,3
4642,4.5
4643,4
4644,2
4645,3.5
4646,4
4647,2.5
4648,3
4649,4
4650,2
4651,3
4652,3.5
4653,3
4654,4
4655,4
4656,2
4657,2.5
4658,3.5
4659,4
4660,4
4661,3.5
4662,4
4663,3.5
4664,4
4665,3.5
4666,4
4667,3
4668,2
4669,1.5
4670,4
4671,3.5
4672,2.5
4673,4.5
4674,4.5
4675,3.5
4676,2.5
4677,3.5
4678,3.5
4679,3
4680,2.5
4681,4
4682,3.5
4683,4
4684,4
4685,4
4686,3.5
4687,4
4688,3.5
4689,4
4690,2.5
4691,3.5
4692,3
4693,4
4694,3.5
4695,4
4696,3.5
4697,3
4698,3
4699,4
4700,2
4701,4
4702,3.5
4703,2.5
4704,4.5
4705,3
4706,4
4707,2.5
4708,3.5
4709,3.5
4710,4
4711,4.5
4712,4
4713,2.5
4714,3
4715,3.5
4716,3
4717,3.5
4718,3
4719,3.5
4720,3.5
4721,4
4722,4
4723,3.5
4724,3.5
4725,3.5
4726,4
4727,4
4728,3.5
4729,2
4730,3.5
4731,3.5
4732,2.5
4733,3.5
4734,4
4735,3
4736,4
4737,3.5
4738,4
4739,3.5
4740,3
4741,4
4742,3
4743,3.5
4744,3.5
4745,4
4746,3.5
4747,3
4748,4
4749,4.5
4750,3
4751,4.5
4752,3.5
4753,3
4754,4
4755,3
4756,3.5
4757,3.5
4758,2.5
4759,4
4760,4
4761,3.5
4762,3.5
4763,3.5
4764,4
4765,3
4766,4.5
4767,3.5
4768,2.5
4769,3
4770,4
4771,3.5
4772,1.5
4773,2.5
4774,4
4775,3.5
4776,2.5
4777,4
4778,4
4779,3
4780,4
4781,4
4782,3
4783,4
4784,2
4785,4
4786,4.5
4787,3
4788,3.5
4789,3.5
4790,4
4791,4
4792,4
4793,4
4794,3.5
4795,4
4796,3.5
4797,3.5
4798,2.5
4799,3.5
4800,3
4801,2.5
4802,4.5
4803,4
4804,4.5
4805,3
4806,3
4807,3.5
4808,4
4809,3.5
4810,3.5
4811,3.5
4812,3.5
4813,3.5
4814,2.5
4815,3.5
4816,3
4817,3
4818,1
4819,4
4820,4
4821,3.5
4822,3
4823,3
4824,4.5
4825,4.5
4826,3.5
4827,3.5
4828,3.5
4829,3.5
4830,3
4831,3.5
4832,4
4833,3.5
4834,3.5
4835,3
4836,1.5
4837,4
4838,4
4839,2
4840,2.5
4841,3.5
4842,3.5
4843,4
4844,4.5
4845,2
4846,2
4847,4.5
4848,3
4849,4
4850,4.5
4851,4
4852,3
4853,2
4854,3
4855,2.5
4856,4
4857,4.5
4858,4.5
4859,3.5
4860,3
4861,3
4862,2.5
4863,4
4864,3
4865,4
4866,4.5
4867,4
4868,3
4869,4
4870,3
4871,3
4872,3.5
4873,4.5
4874,2.5
4875,3
4876,4
4877,4
4878,4
4879,3.5
4880,3.5
4881,4
4882,3
4883,2.5
4884,3.5
4885,4
4886,3.5
4887,3.5
4888,3.5
4889,3.5
4890,3.5
4891,3
4892,3.5
4893,3.5
4894,3
4895,3
4896,4
4897,4
4898,4.5
4899,3.5
4900,3
4901,3.5
4902,3.5
4903,2.5
4904,3.5
4905,4
4906,4
4907,4
4908,4
4909,3.5
4910,3.5
4911,3.5
4912,2
4913,3.5
4914,3
4915,4.5
4916,4
4917,3
4918,4.5
4919,3
4920,3
4921,3.5
4922,4
4923,4
4924,2.5
4925,3.5
4926,4.5
4927,2
4928,3.5
4929,3.5
4930,4
4931,3.5
4932,3.5
4933,3
4934,2.5
4935,2.5
4936,2.5
4937,3
4938,4
4939,3.5
4940,3
4941,2.5
4942,4
4943,3.5
4944,3.5
4945,4
4946,4
4947,3.5
4948,4
4949,3.5
4950,3
4951,4
4952,4
4953,3
4954,3.5
4955,4
4956,4.5
4957,5
4958,4.5
4959,4
4960,3
4961,3
4962,3.5
4963,4
4964,3
4965,3
4966,2.5
4967,4
4968,3.5
4969,4
4970,2.5
4971,2
4972,3.5
4973,2.5
4974,4
4975,4
4976,3.5
4977,3.5
4978,4
4979,4
4980,3.5
4981,3
4982,3
4983,4
4984,3.5
4985,4
4986,4
4987,3.5
4988,2.5
4989,3.5
4990,2.5
4991,4
4992,3
4993,3
4994,3.5
4995,3.5
4996,2.5
4997,3
4998,4.5
4999,4
